id,x0,x1,x2,fitness
159,3.989,4.13946,0,0.976
232,4.18347,4.13946,0,0.991
255,4.17242,4.13946,0,0.993
275,4.12663,4.13946,0,0.998
426,4.12663,4.1194,0,1
534,4.10217,4.1194,0,1
558,4.10357,4.1194,0,1
615,4.10357,4.11679,0,1
700,4.10357,4.11586,0,1
1161,4.11052,4.11586,0,1
1467,4.11052,4.10916,0,1
1543,4.11147,4.10916,0,1
4156,3.35526,4.10916,0,0.278
