id,x0,x1,x2,fitness
54,-1.45744,3.90676,0,-128.672
204,-1.85668,3.90676,0,-73.529
229,-1.85668,3.9531,0,-68.39
290,-1.29874,3.9531,0,-61.469
304,0.199854,3.9531,0,-43.727
326,0.199854,3.8251,0,-4.49
409,0.199854,3.76395,0,-2.206
457,0.199854,3.78412,0,-1.828
491,0.167896,3.78412,0,-0.041
1686,0.167896,3.78257,0,-0.034
1912,0.15954,3.78257,0,-0.016
2007,0.162234,3.78257,0,-0.002
2198,0.163332,3.78257,0,-0.002
2342,0.163332,3.78224,0,-0.001
