id,x0,x1,x2,fitness
106,1.66161,1.60066,-3.58839,-22.047
204,1.67515,1.60066,-3.58839,-21.869
211,1.67515,1.60066,-4.21255,-0.603
246,1.79774,1.60066,-4.21255,-0.398
254,1.79774,1.60066,-4.27346,-0.104
308,1.75866,1.60066,-4.27346,-0.047
392,1.75866,1.60066,-4.34376,-0.045
455,1.75866,1.60066,-4.30435,-0.002
1446,1.75866,1.60066,-4.30984,-0.001
1467,1.75866,1.59574,-4.30984,0
2946,1.75698,1.59574,-4.30984,0
5839,1.75698,1.59574,-4.30852,0
6017,3.13795,1.59574,-4.30852,-53.181
