id,x0,x1,x2,fitness
81,4.66975,-0.87285,0,108.028
231,5,-0.87285,0,131.374
277,5,-0.776999,0,139.179
299,4.96544,-0.776999,0,158.719
356,4.86151,-0.776999,0,185.507
580,4.86151,-0.789194,0,186.43
617,4.86151,-0.792898,0,186.581
1331,4.85488,-0.792898,0,186.586
1443,4.85488,-0.802762,0,186.694
2230,4.86066,-0.802762,0,186.702
2551,4.86066,-0.801769,0,186.71
3550,4.86066,-0.799553,0,186.714
3864,4.8565,-0.799553,0,186.724
4074,4.8565,0.579377,0,-1.892
