id,x0,x1,x2,fitness
72,4.80158,-0.863779,0,170.93
214,4.80158,-0.750627,0,174.302
281,4.80158,-0.80837,0,179.342
339,4.80158,-0.796723,0,179.452
384,4.86834,-0.796723,0,186.455
615,4.86834,-0.799325,0,186.482
700,4.86834,-0.800263,0,186.484
852,4.864,-0.800263,0,186.648
1565,4.85568,-0.800263,0,186.718
2141,4.85568,-0.800308,0,186.718
2470,4.85976,-0.800308,0,186.724
3214,4.85855,-0.800308,0,186.73
4156,4.10234,-0.800308,0,-48.399
