id,x0,x1,x2,fitness
23,4.02801,2.42062,0,-13.324
230,4.02801,2.50398,0,-12.054
258,4.15486,2.50398,0,-0.547
353,4.15486,2.49317,0,-0.305
454,4.13273,2.49317,0,-0.203
559,4.13273,2.4703,0,-0.09
864,4.13273,2.47112,0,-0.085
913,4.13273,2.47258,0,-0.077
939,4.13273,2.47628,0,-0.067
1114,4.14612,2.47628,0,-0.022
1550,4.13816,2.47628,0,-0.009
1679,4.1382,2.47628,0,-0.009
2253,4.14158,2.47628,0,0
4036,4.14158,3.24784,0,-238.6
