id,x0,x1,x2,fitness
105,7.58168,7.67135,0,0.993
247,7.69457,7.67135,0,0.999
258,7.69457,7.7122,0,1
480,7.69457,7.70566,0,1
557,7.69666,7.70566,0,1
739,7.70539,7.70566,0,1
852,7.70688,7.70566,0,1
1931,7.70683,7.70566,0,1
4224,9.35572,7.70566,0,0.32
