id,x0,x1,x2,fitness
20,-1.41583,4.40613,0,-9.965
207,-1.55832,4.40613,0,-0.023
347,-1.55832,4.40561,0,-0.02
452,-1.55832,4.40213,0,-0.007
506,-1.55832,4.4018,0,-0.006
972,-1.56471,4.4018,0,-0.006
1782,-1.56471,4.4009,0,-0.005
2155,-1.56471,4.39985,0,-0.005
2354,-1.56169,4.39985,0,0
4222,-1.56169,5,0,-73.748
