id,x0,x1,x2,fitness
152,4.04125,2.18664,2.20367,0.995
228,4.05172,2.18664,2.20367,0.996
282,4.11146,2.18664,2.20367,0.999
346,4.11146,1.16909,2.20367,1
508,4.11146,2.19165,2.20367,1
541,4.11146,2.19353,2.20367,1
786,4.11146,2.19353,2.18788,1
1606,4.11146,2.19353,2.19196,1
4394,4.11146,2.19353,1.17009,1
6252,4.42838,2.19353,1.17009,0.912
