id,x0,x1,x2,fitness
150,-3.22545,-3.1718,0,-49.565
210,-3.44297,-3.1718,0,-17.954
241,-3.44297,-3.33753,0,-2.93
266,-3.44297,-3.30234,0,-2.798
401,-3.41879,-3.30234,0,-0.824
560,-3.41879,-3.33228,0,-0.816
586,-3.39283,-3.33228,0,-0.178
795,-3.39301,-3.33228,0,-0.177
1046,-3.39633,-3.33228,0,-0.173
1163,-3.39633,-3.32932,0,-0.112
1205,-3.39633,-3.31402,0,-0.01
1710,-3.39633,-3.31948,0,-0.005
4167,-3.39633,-3.81077,0,-150.64
