id,x0,x1,x2,fitness
173,-1.53457,3.83862,0,-87.404
224,0.144244,3.83862,0,-4.239
264,0.144244,3.78786,0,-0.482
283,0.160592,3.78786,0,-0.057
598,0.160592,3.77567,0,-0.05
1155,0.160592,3.77644,0,-0.039
1624,0.160592,3.78272,0,-0.008
1744,0.160592,3.78239,0,-0.008
2086,0.160592,3.78131,0,-0.007
4092,0.160592,5,0,-310.681
