id,x0,x1,x2,fitness
9,2.17208,7.67902,0,0.997
255,4.085,7.67902,0,0.999
266,4.085,7.7142,0,0.999
401,4.10918,7.7142,0,1
1011,4.10918,7.70957,0,1
1710,4.10918,7.70411,0,1
2723,4.11252,7.70411,0,1
4167,4.11252,7.21283,0,0.894
