id,x0,x1,x2,fitness
139,0.146914,4.18182,0,-155.176
229,0.146914,3.92073,0,-21.745
260,0.146914,3.88929,0,-13.417
323,0.129732,3.88929,0,-13.249
384,0.129732,3.80877,0,-2.179
438,0.129732,3.7917,0,-1.465
577,0.14592,3.7917,0,-0.485
750,0.14592,3.7752,0,-0.414
818,0.148012,3.7752,0,-0.33
1012,0.148012,3.78241,0,-0.278
1151,0.172831,3.78241,0,-0.128
1180,0.160786,3.78241,0,-0.007
1300,0.162267,3.78241,0,-0.001
1485,0.163303,3.78241,0,-0.001
4293,-0.26342,3.78241,0,-208.633
