id,x0,x1,x2,fitness
122,4.74973,-1.96624,0,66.319
220,4.79826,-1.96624,0,73.571
234,4.79826,-0.657954,0,138.624
269,4.87799,-0.657954,0,144.199
273,4.87799,-0.925534,0,151.99
297,4.87799,-0.842192,0,181.938
403,4.87799,-0.773236,0,184.196
448,4.87799,-0.784292,0,185.237
500,4.86434,-0.784292,0,186.073
1486,4.86434,-0.797806,0,186.625
1686,4.86434,-0.799356,0,186.637
1912,4.85599,-0.799356,0,186.719
2007,4.85868,-0.799356,0,186.728
2342,4.85868,-0.799687,0,186.729
