id,x0,x1,x2,fitness
128,-1.37571,-0.944797,0,137.562
213,-1.37571,-0.701524,0,160.85
224,-1.37571,-0.835338,0,178.356
285,-1.40187,-0.835338,0,182.766
325,-1.40187,-0.798226,0,185.453
352,-1.42134,-0.798226,0,186.688
1660,-1.42577,-0.798226,0,186.72
2255,-1.42577,-0.801576,0,186.726
4031,-1.42559,-0.801576,0,186.727
4145,-1.42559,-0.801234,0,186.729
4278,-2.19622,-0.801234,0,-42.011
