id,x0,x1,x2,fitness
76,2.18641,2.22638,0,0.994
259,2.18641,2.20904,0,0.998
433,4.11651,2.20904,0,0.999
497,4.11651,2.18362,0,0.999
805,4.11651,2.18796,0,1
875,4.11651,2.19213,0,1
1130,4.11445,2.19213,0,1
1831,4.1129,2.19213,0,1
2030,4.1129,1.17027,0,1
2680,4.10976,1.17027,0,1
4012,4.05459,1.17027,0,0.995
