id,x0,x1,x2,fitness
128,0.242278,3.72559,0,-11.876
237,0.165119,3.72559,0,-4.149
285,0.165119,3.76795,0,-0.243
404,0.165119,3.77454,0,-0.069
836,0.16268,3.77454,0,-0.062
1586,0.16268,3.78708,0,-0.039
1758,0.16268,3.78583,0,-0.024
1874,0.16268,3.78477,0,-0.014
3196,0.16268,3.77858,0,-0.011
4212,0.16268,5,0,-312.605
