id,x0,x1,x2,fitness
115,-1.71813,3.93206,0,-171.774
225,-1.27139,3.93206,0,-52.168
250,-1.26513,3.93206,0,-51.47
428,-0.0242605,3.93206,0,-38.463
468,-0.00020171,3.93206,0,-30.577
517,0.169926,3.93206,0,-28.306
544,0.066407,3.93206,0,-22.31
581,0.066407,3.84987,0,-12.926
609,0.168871,3.84987,0,-5.954
688,0.168871,3.77525,0,-0.097
847,0.162982,3.77525,0,-0.05
913,0.162982,3.77936,0,-0.006
1361,0.162982,3.78099,0,0
1393,0.162898,3.78099,0,0
4137,0.677431,3.78099,0,-171.052
