id,x0,x1,x2,fitness
150,-3.22545,-3.1718,0,-49.565
222,-3.27764,-3.1718,0,-32.325
242,-3.42493,-3.1718,0,-16.621
247,-3.42493,-3.21929,0,-8.109
255,-3.42493,-3.31049,0,-1.059
406,-3.39174,-3.31049,0,-0.049
1660,-3.39617,-3.31049,0,-0.037
2255,-3.39617,-3.31384,0,-0.011
2460,-3.39617,-3.3194,0,-0.005
3696,-3.39617,-3.31545,0,-0.004
4031,-3.39599,-3.31545,0,-0.004
4278,-4.16662,-3.31545,0,-480.851
