id,x0,x1,x2,fitness
77,4.16218,2.57319,0,-5.156
222,4.16218,2.56551,0,-4.432
226,4.14455,2.56551,0,-4.055
242,4.14455,2.39407,0,-3.59
289,4.14455,2.40869,0,-2.442
298,4.14455,2.54497,0,-2.403
320,4.14455,2.5198,0,-0.962
330,4.14455,2.47973,0,-0.014
457,4.14455,2.47525,0,-0.012
1760,4.13823,2.47525,0,-0.01
1923,4.13961,2.47525,0,-0.004
2444,4.1409,2.47525,0,-0.002
4136,4.1409,2.24397,0,-27.371
