id,x0,x1,x2,fitness
51,0.204332,3.67177,0,-16.906
212,-1.40241,3.67177,0,-14.556
235,-1.41777,3.67177,0,-9.183
350,-1.4958,3.67177,0,-0.403
511,-1.48106,3.67177,0,-0.01
1448,-1.48106,3.67555,0,-0.005
2600,-1.48106,3.67463,0,-0.001
4255,-1.56054,3.67463,0,-10.974
