id,x0,x1,x2,fitness
33,4.23641,2.26902,0,-29.596
237,4.23641,2.43712,0,-8.988
264,4.14701,2.43712,0,-0.86
307,4.14701,2.49722,0,-0.243
388,4.14701,2.49194,0,-0.146
743,4.14701,2.48873,0,-0.102
837,4.14701,2.47098,0,-0.049
913,4.14701,2.47509,0,-0.032
1219,4.14121,2.47509,0,-0.002
1361,4.14121,2.47672,0,0
4138,4.65575,2.47672,0,-211.406
