id,x0,x1,x2,fitness
33,-1.55406,4.68294,0,-28.804
235,-1.55406,4.58523,0,-14.064
271,-1.55406,4.40407,0,-0.035
324,-1.55774,4.40407,0,-0.015
998,-1.55774,4.39755,0,-0.01
1769,-1.55774,4.39781,0,-0.009
2188,-1.56491,4.39781,0,-0.008
2281,-1.56344,4.39781,0,-0.004
2811,-1.56344,4.39853,0,-0.003
3402,-1.56344,4.40113,0,-0.002
3849,-1.56344,4.39909,0,-0.002
4326,-0.160888,4.39909,0,-232.359
