id,x0,x1,x2,fitness
128,0.242278,3.72559,0,-11.876
227,0.139451,3.72559,0,-5.042
267,0.166979,3.72559,0,-4.161
289,0.166979,3.74021,0,-2.254
438,0.166979,3.79742,0,-0.343
457,0.166979,3.79295,0,-0.188
496,0.166979,3.77232,0,-0.13
627,0.166979,3.78181,0,-0.022
874,0.159377,3.78181,0,-0.016
1176,0.162675,3.78181,0,0
4136,0.162675,3.55053,0,-75.98
