id,x0,x1,x2,fitness
91,4.10873,8.31474,0,0.862
204,4.10873,7.73186,0,1
244,4.10873,7.70159,0,1
422,4.10873,7.70319,0,1
688,4.10979,7.70319,0,1
796,4.1112,7.70319,0,1
872,4.1112,7.70425,0,1
897,4.1112,7.70734,0,1
3344,4.1112,7.7061,0,1
4148,4.1112,6.5405,0,0.465
