id,x0,x1,x2,fitness
33,-1.55406,4.68294,0,-28.804
219,-1.55406,4.44722,0,-1.056
332,-1.55406,4.43566,0,-0.627
440,-1.55406,4.37099,0,-0.429
553,-1.55406,4.37589,0,-0.301
619,-1.55406,4.39484,0,-0.04
774,-1.55406,4.39699,0,-0.031
1269,-1.55406,4.39981,0,-0.027
1328,-1.56447,4.39981,0,-0.004
1759,-1.56148,4.39981,0,0
3500,-1.56148,4.39992,0,0
4173,-2.31407,4.39992,0,-134.021
