id,x0,x1,x2,fitness
76,2.18641,2.22638,0,0.994
293,2.18641,4.1261,0,0.999
357,2.18641,4.10779,0,1
528,2.18641,4.11097,0,1
972,2.18865,4.11097,0,1
1054,2.19293,4.11097,0,1
4348,3.16286,4.11097,0,0.066
