id,x0,x1,x2,fitness
105,1.76242,1.75144,0,-35.16
224,1.76242,1.42761,0,-33.986
252,1.76242,1.44052,0,-29.443
260,1.76242,1.67268,0,-8.497
281,1.76242,1.61494,0,-0.547
426,1.76242,1.59487,0,-0.031
696,1.76242,1.59545,0,-0.03
852,1.75808,1.59545,0,0
4156,1.00187,1.59545,0,-259.868
