id,x0,x1,x2,fitness
72,4.80158,-0.863779,0,170.93
232,4.80158,-0.771803,0,177.762
271,4.87247,-0.771803,0,184.463
323,4.87247,-0.792523,0,186.111
380,4.86142,-0.792523,0,186.57
523,4.86142,-0.800269,0,186.705
1596,4.85975,-0.800269,0,186.724
1878,4.85899,-0.800269,0,186.729
4212,5,-0.800269,0,140.076
