id,x0,x1,x2,fitness
179,-1.88353,3.89548,0,-81.876
205,-1.88353,3.95337,0,-70.357
276,-1.23791,3.95337,0,-51.987
344,-1.23791,3.92847,0,-51.86
364,0.112958,3.92847,0,-21.956
402,0.112958,3.73567,0,-6.365
462,0.183299,3.73567,0,-3.281
473,0.183299,3.7666,0,-0.835
525,0.183299,3.77838,0,-0.557
700,0.1556,3.77838,0,-0.08
875,0.157746,3.77838,0,-0.046
996,0.157746,3.78089,0,-0.034
1189,0.163351,3.78089,0,-0.001
2954,0.163351,3.78169,0,0
4156,1.94758,3.78169,0,-468.816
