id,x0,x1,x2,fitness
80,4.06426,2.17571,7.46581,0.98
252,4.06426,2.17571,7.7806,0.995
299,4.06426,2.17571,7.72646,0.997
344,4.06426,2.19199,7.72646,0.998
416,2.19529,2.19199,7.72646,1
607,2.19529,2.19199,7.68823,1
700,2.19529,2.19199,7.72337,1
1036,2.19529,2.19199,7.70694,1
1251,2.19529,2.19223,7.70694,1
1489,2.19315,2.19223,7.70694,1
2164,2.19327,2.19223,7.70694,1
5687,2.19327,1.16998,7.70694,1
6062,2.19327,1.16998,7.76887,0.999
