id,x0,x1,x2,fitness
189,1.81649,1.5983,0,-4.951
416,1.77584,1.5983,0,-0.468
540,1.76065,1.5983,0,-0.021
564,1.76065,1.59594,0,-0.012
902,1.75647,1.59594,0,-0.002
1213,1.75693,1.59594,0,-0.001
2275,1.7581,1.59594,0,0
4145,2.46783,1.59594,0,-442.598
