id,x0,x1,x2,fitness
150,-3.22545,-3.1718,0,-49.565
239,-3.22545,-3.31687,0,-33.987
245,-3.27031,-3.31687,0,-18.365
259,-3.4406,-3.31687,0,-2.352
277,-3.43187,-3.31687,0,-1.543
574,-3.38696,-3.31687,0,-0.077
1048,-3.39119,-3.31687,0,-0.018
1630,-3.39119,-3.31773,0,-0.018
2197,-3.39671,-3.31773,0,-0.003
2272,-3.39659,-3.31773,0,-0.003
3128,-3.39471,-3.31773,0,0
4218,-3.39471,-3.0627,0,-46.903
