id,x0,x1,x2,fitness
122,4.74973,-1.96624,0,66.319
218,4.87657,-1.96624,0,76.582
236,4.87657,-0.795913,0,185.886
283,4.85445,-0.795913,0,186.658
354,4.85445,-0.80344,0,186.679
681,4.85445,-0.798324,0,186.692
705,4.85445,-0.799059,0,186.697
1267,4.85445,-0.800979,0,186.7
2662,4.85445,-0.800729,0,186.7
2874,4.85472,-0.800729,0,186.705
3196,4.85885,-0.800729,0,186.729
4160,5,-0.800729,0,140.076
