id,x0,x1,x2,fitness
6,7.57496,2.17208,7.67902,0.993
240,7.63985,2.17208,7.67902,0.997
361,7.69641,2.17208,7.67902,0.998
529,7.69641,2.2014,7.67902,1
685,7.69641,2.2014,7.71434,1
791,7.71521,2.2014,7.71434,1
890,7.70114,2.2014,7.71434,1
1116,7.70114,4.11725,7.71434,1
1575,7.70114,4.11725,7.70882,1
2187,7.70114,2.19447,7.70882,1
2229,7.7066,2.19447,7.70882,1
2380,7.7066,2.19447,7.70768,1
2571,7.7066,2.19402,7.70768,1
3710,7.7066,2.19402,7.705,1
6216,7.22658,2.19402,7.705,0.933
