id,x0,x1,x2,fitness
56,-3.35267,-3.32386,0,-2.14
342,-3.37922,-3.32386,0,-0.327
443,-3.40057,-3.32386,0,-0.067
528,-3.40057,-3.32067,0,-0.043
972,-3.39833,-3.32067,0,-0.021
1054,-3.39406,-3.32067,0,-0.01
1147,-3.39406,-3.31829,0,-0.002
1793,-3.39604,-3.31829,0,-0.002
2282,-3.39604,-3.31686,0,-0.001
4348,-2.42611,-3.31686,0,-865.733
