id,x0,x1,x2,fitness
79,4.10098,4.24822,7.49489,0.969
273,4.10098,4.24822,7.69098,0.982
322,4.13655,4.12374,7.69098,0.999
418,4.12484,4.12374,7.69098,1
531,4.12484,4.12374,7.69748,1
627,4.10759,4.12374,7.69748,1
871,4.10759,4.11799,7.69748,1
1020,4.10759,4.11799,7.70312,1
1118,4.10759,4.11526,7.70312,1
1603,4.11165,4.11526,7.70312,1
2110,4.11165,4.11302,7.70312,1
2725,4.11165,2.19272,7.70312,1
3787,4.11165,2.19272,7.70587,1
6072,2.19316,2.19272,7.70587,1
6190,2.40676,2.19272,7.70587,0.866
