id,x0,x1,x2,fitness
87,0.239288,4.34422,0,-144.596
217,0.239288,4.08282,0,-126.891
236,0.239288,3.69173,0,-16.402
289,-1.50242,3.69173,0,-1.554
353,-1.50242,3.68092,0,-0.964
438,-1.48189,3.68092,0,-0.097
714,-1.48189,3.68001,0,-0.073
1420,-1.48189,3.6788,0,-0.046
1679,-1.48185,3.6788,0,-0.046
1820,-1.48185,3.67027,0,-0.028
2053,-1.48185,3.67748,0,-0.024
2525,-1.48185,3.67398,0,0
4036,-1.48185,4.44554,0,-227.822
