id,x0,x1,x2,fitness
98,2.21988,7.64771,0,0.995
423,1.161,7.64771,0,0.997
519,1.161,7.7123,0,0.998
557,1.16112,7.7123,0,0.999
626,0.624344,7.7123,0,1
833,0.624344,7.70077,0,1
2428,0.624344,7.7082,0,1
3179,0.624344,7.70454,0,1
3678,0.624344,7.70676,0,1
4171,0.5,7.30177,0,0.127
