id,x0,x1,x2,fitness
98,2.21988,7.64771,0,0.995
238,2.21988,7.68057,0,0.996
273,2.21734,7.68057,0,0.997
306,2.21734,7.6881,0,0.997
365,4.09196,7.6881,0,0.999
457,4.09196,7.6903,0,0.999
507,4.12325,7.6903,0,1
589,4.10798,7.6903,0,1
871,4.10798,7.71404,0,1
1308,4.10798,7.71258,0,1
1336,4.10798,7.70291,0,1
1352,4.10798,7.70511,0,1
1589,4.11194,7.70511,0,1
4069,4.11058,7.70511,0,1
4229,3.62572,7.70511,0,0.655
