id,x0,x1,x2,fitness
2,8.43998,8.50934,4.15578,0.719
211,8.43998,7.37102,4.15578,0.837
226,7.63502,7.37102,4.15578,0.964
280,7.63502,7.7097,4.15578,0.997
354,7.7164,7.7097,4.15578,0.998
476,7.7164,7.70627,4.15578,0.998
541,7.7164,7.70627,4.09428,1
561,7.7164,7.70627,4.10407,1
609,7.7058,7.70627,4.10407,1
1799,7.7058,7.70627,4.10949,1
3485,7.7058,7.70627,4.11272,1
4805,7.7058,7.70627,4.1117,1
6127,6.02051,7.70627,4.1117,0.406
