id,x0,x1,x2,fitness
113,-1.62319,-0.796573,0,108.528
212,-1.46726,-0.796573,0,182.633
225,-1.40179,-0.796573,0,185.423
308,-1.40433,-0.796573,0,185.687
350,-1.40433,-0.799727,0,185.717
388,-1.41071,-0.799727,0,186.244
737,-1.41369,-0.799727,0,186.424
1012,-1.4349,-0.799727,0,186.508
1301,-1.43098,-0.799727,0,186.65
1480,-1.42856,-0.799727,0,186.703
1819,-1.42548,-0.799727,0,186.73
4264,-2.50178,-0.799727,0,51.952
