id,x0,x1,x2,fitness
111,-1.32781,4.3934,0,-22.78
207,-1.55769,4.3934,0,-0.028
551,-1.56408,4.3934,0,-0.024
803,-1.56382,4.3934,0,-0.023
1130,-1.56382,4.40046,0,-0.003
1210,-1.56128,4.40046,0,0
4197,-2.36796,4.40046,0,-148.942
