id,x0,x1,x2,fitness
127,0.148449,4.02147,0,-62.437
243,0.148449,3.84259,0,-4.667
276,0.148449,3.78823,0,-0.316
348,0.154726,3.78823,0,-0.14
411,0.157159,3.78823,0,-0.098
998,0.157159,3.78171,0,-0.041
2157,0.163279,3.78171,0,0
4326,1.56583,3.78171,0,-444.487
