id,x0,x1,x2,fitness
168,2.15849,7.88022,0,0.981
262,2.15849,7.66965,0,0.993
274,2.15849,7.69337,0,0.994
349,4.08664,7.69337,0,0.999
405,4.1171,7.69337,0,1
474,4.1171,7.69909,0,1
747,4.11554,7.69909,0,1
865,4.10919,7.69909,0,1
1173,4.10919,7.70155,0,1
1544,4.10919,7.7053,0,1
2910,4.11312,7.7053,0,1
4207,4.11312,7.18981,0,0.884
