id,x0,x1,x2,fitness
80,4.06426,2.17571,7.46581,0.98
238,4.06426,2.17571,7.54879,0.99
284,4.06426,2.17571,7.86488,0.99
309,4.06426,2.17571,7.7859,0.995
326,2.19529,2.17571,7.7859,0.997
371,2.19529,2.17571,7.70398,0.999
513,2.19529,2.18889,7.70398,1
665,2.19529,1.17242,7.70398,1
854,2.19529,1.16932,7.70398,1
1945,2.19529,1.16932,7.70478,1
2214,2.19484,1.16932,7.70478,1
3586,2.19484,1.16932,7.70716,1
5056,0.62405,1.16932,7.70716,1
6000,0.62405,1.99733,7.70716,0.864
