id,x0,x1,x2,fitness
189,1.81649,1.5983,0,-4.951
244,1.75989,1.5983,0,-0.015
268,1.75871,1.5983,0,-0.01
418,1.75871,1.5974,0,-0.005
558,1.75871,1.59666,0,-0.002
4293,1.33198,1.59666,0,-145.307
