id,x0,x1,x2,fitness
72,4.80158,-0.863779,0,170.93
232,4.88037,-0.863779,0,176.725
247,4.88037,-0.790831,0,185.367
342,4.88037,-0.8044,0,185.528
446,4.8472,-0.8044,0,186.42
511,4.86194,-0.8044,0,186.659
598,4.86194,-0.797561,0,186.679
745,4.8569,-0.797561,0,186.711
853,4.8583,-0.797561,0,186.714
1833,4.8583,-0.80237,0,186.721
2574,4.8583,-0.799126,0,186.728
2600,4.8583,-0.800048,0,186.731
4255,4.77882,-0.800048,0,172.661
