id,x0,x1,x2,fitness
59,4.88957,-0.788833,0,184.112
267,4.87763,-0.788833,0,185.544
478,4.86706,-0.788833,0,186.251
632,4.86162,-0.788833,0,186.41
680,4.85504,-0.788833,0,186.419
831,4.85504,-0.79875,0,186.704
1194,4.85646,-0.79875,0,186.72
3199,4.85646,-0.799384,0,186.723
3248,4.85814,-0.799384,0,186.729
4032,4.85814,-1.02307,0,86.216
