id,x0,x1,x2,fitness
128,-1.37571,-0.944797,0,137.562
219,-1.37571,-0.788724,0,180.7
247,-1.41334,-0.788724,0,186.11
340,-1.41713,-0.788724,0,186.285
457,-1.4218,-0.788724,0,186.408
745,-1.4218,-0.804934,0,186.658
795,-1.42198,-0.804934,0,186.661
1046,-1.4253,-0.804934,0,186.684
1163,-1.4253,-0.801968,0,186.725
4167,-1.4253,-1.29325,0,-129.798
