id,x0,x1,x2,fitness
125,-0.114135,-0.653149,0,85.151
219,-0.129495,-0.653149,0,88.14
251,-1.31774,-0.653149,0,121.672
271,-1.40355,-0.653149,0,141.4
292,-1.40355,-0.793161,0,185.527
368,-1.41023,-0.793161,0,186.099
494,-1.42353,-0.793161,0,186.612
1359,-1.42353,-0.794885,0,186.66
2014,-1.42353,-0.802135,0,186.718
3549,-1.42382,-0.802135,0,186.72
4191,-1.42382,0.649451,0,-22.714
