id,x0,x1,x2,fitness
1,-2.08456,-1.31596,0,60.568
262,-0.783009,-1.31596,0,158.287
322,-0.80019,-1.31596,0,158.849
349,-0.80019,-1.51792,0,167.625
423,-0.80019,-1.34529,0,171.748
453,-0.80019,-1.42658,0,186.726
4292,-1.22691,-1.42658,0,-87.337
