id,x0,x1,x2,fitness
56,-3.35267,-3.32386,0,-2.14
303,-3.37987,-3.32386,0,-0.304
391,-3.39207,-3.32386,0,-0.044
805,-3.39207,-3.31952,0,-0.014
907,-3.39423,-3.31952,0,-0.005
1831,-3.39579,-3.31952,0,-0.004
4012,-3.45096,-3.31952,0,-3.522
