id,x0,x1,x2,fitness
114,4.11711,7.49385,0,0.981
237,4.11711,7.66195,0,0.999
307,4.11711,7.72205,0,1
388,4.11711,7.71677,0,1
743,4.11711,7.71355,0,1
847,4.11122,7.71355,0,1
971,4.11122,7.71249,0,1
2104,4.11122,7.708,0,1
2128,4.11122,7.70622,0,1
4138,4.62575,7.70622,0,0.691
