id,x0,x1,x2,fitness
122,4.74973,-1.96624,0,66.319
262,4.74973,-0.918982,0,134.623
330,4.74973,-0.77665,0,159.949
364,4.91721,-0.77665,0,177.321
454,4.89508,-0.77665,0,182.3
559,4.89508,-0.799521,0,183.51
651,4.87105,-0.799521,0,186.335
690,4.85314,-0.799521,0,186.673
714,4.85314,-0.800428,0,186.675
1147,4.86263,-0.800428,0,186.682
1550,4.85468,-0.800428,0,186.704
1679,4.85472,-0.800428,0,186.705
2253,4.85809,-0.800428,0,186.731
4034,4.85809,-0.0288694,0,-69.985
