id,x0,x1,x2,fitness
59,4.88957,-0.788833,0,184.112
222,4.88957,-0.796507,0,184.368
226,4.87194,-0.796507,0,186.248
457,4.87194,-0.800982,0,186.279
624,4.85852,-0.800982,0,186.729
4136,4.85852,-1.03227,0,78.694
