id,x0,x1,x2,fitness
111,-1.32781,4.3934,0,-22.78
235,-1.7221,4.3934,0,-12.685
242,-1.48055,4.3934,0,-3.165
281,-1.56078,4.3934,0,-0.021
895,-1.56078,4.40055,0,0
4264,-2.63708,4.40055,0,-238.605
