id,x0,x1,x2,fitness
60,4.18257,3.9826,0,0.968
220,4.18257,4.00575,0,0.976
238,4.18257,4.18031,0,0.986
246,4.18257,4.12751,0,0.992
290,4.06911,4.12751,0,0.997
309,4.13756,4.12751,0,0.999
517,4.12766,4.12751,0,0.999
602,4.12766,4.11752,0,1
702,4.09677,4.11752,0,1
944,4.09929,4.11752,0,1
1001,4.09929,4.11631,0,1
1176,4.09933,4.11631,0,1
1216,4.09933,4.11471,0,1
1303,4.11449,4.11471,0,1
1323,4.11449,4.10945,0,1
1814,4.11139,4.10945,0,1
3303,4.11139,4.11269,0,1
4282,4.11139,5.18476,0,0.159
