id,x0,x1,x2,fitness
105,7.58168,7.67135,0,0.993
237,7.77554,7.67135,0,0.997
268,7.77435,7.67135,0,0.998
309,7.77435,7.70426,0,0.998
340,7.70471,7.70426,0,1
818,7.7068,7.70426,0,1
4293,7.28008,7.70426,0,0.921
