id,x0,x1,x2,fitness
159,3.989,4.13946,0,0.976
210,4.17017,4.13946,0,0.994
244,4.17017,4.11118,0,0.995
253,4.12437,4.11118,0,1
304,4.10295,4.11118,0,1
308,4.10555,4.11118,0,1
413,4.11374,4.11118,0,1
599,4.11113,4.11118,0,1
4132,4.12292,4.11118,0,1
