id,x0,x1,x2,fitness
186,0.12202,3.93532,0,-24.155
223,0.12202,3.81711,0,-3.366
252,0.12202,3.79022,0,-2.114
282,0.151171,3.79022,0,-0.266
362,0.160228,3.79022,0,-0.104
913,0.160228,3.78913,0,-0.082
1047,0.161723,3.78913,0,-0.075
1637,0.162098,3.78913,0,-0.074
1820,0.162098,3.78455,0,-0.012
2040,0.162098,3.78278,0,-0.003
3116,0.163551,3.78278,0,-0.003
3510,0.163551,3.78073,0,-0.001
4016,0.163551,3.78158,0,-0.001
4156,1.54375,3.78158,0,-402.655
