id,x0,x1,x2,fitness
119,-2.59024,4.47132,0,-215.674
214,-1.60455,4.47132,0,-3.158
244,-1.60455,4.38708,0,-0.916
270,-1.55634,4.38708,0,-0.09
429,-1.55634,4.40848,0,-0.046
598,-1.55634,4.39628,0,-0.019
1155,-1.55634,4.39705,0,-0.017
1349,-1.56298,4.39705,0,-0.005
2569,-1.56298,4.39804,0,-0.003
3568,-1.56298,4.40026,0,-0.001
4092,-1.56298,5,0,-73.643
