id,x0,x1,x2,fitness
20,-1.41583,4.40613,0,-9.965
210,-1.60774,4.40613,0,-1.032
282,-1.57859,4.40613,0,-0.154
362,-1.56954,4.40613,0,-0.048
679,-1.56057,4.40613,0,-0.018
913,-1.56057,4.40504,0,-0.012
1820,-1.56057,4.40045,0,-0.001
4156,-0.180363,4.40045,0,-227.455
