id,x0,x1,x2,fitness
127,0.148449,4.02147,0,-62.437
219,0.13309,4.02147,0,-58.271
227,0.13309,3.71166,0,-8.115
255,-1.47981,3.71166,0,-3.185
289,-1.47981,3.67512,0,-0.008
363,-1.48289,3.67512,0,-0.006
822,-1.48131,3.67512,0,-0.002
1359,-1.48131,3.67339,0,-0.001
3549,-1.4816,3.67339,0,-0.001
4191,-1.4816,5,0,-591.535
