id,x0,x1,x2,fitness
168,2.15849,7.88022,0,0.981
238,2.15849,7.64124,0,0.992
265,2.15849,7.68617,0,0.993
283,2.17484,7.68617,0,0.998
343,4.12289,7.68617,0,1
429,4.12289,7.70757,0,1
541,2.19321,7.70757,0,1
1744,2.19321,7.70724,0,1
2086,2.19321,7.70615,0,1
4092,2.19321,9.08508,0,0.462
