id,x0,x1,x2,fitness
81,4.66975,-0.87285,0,108.028
206,5,-0.87285,0,131.374
223,4.89607,-0.87285,0,171.947
240,4.89607,-0.789974,0,183.104
343,4.89607,-0.790491,0,183.127
355,4.82503,-0.790491,0,184.01
369,4.83394,-0.790491,0,185.175
430,4.88035,-0.790491,0,185.354
448,4.88035,-0.79397,0,185.478
459,4.8435,-0.79397,0,186.151
502,4.8435,-0.794297,0,186.16
678,4.86606,-0.794297,0,186.501
756,4.86606,-0.801077,0,186.58
968,4.85967,-0.801077,0,186.724
4218,4.85967,1.10046,0,3.71
