id,x0,x1,x2,fitness
113,4.22406,3.69257,0,-537.089
202,4.22406,2.5322,0,-7.74
235,4.2087,2.5322,0,-5.675
259,4.2087,2.51858,0,-5.006
277,4.2087,2.49786,0,-4.347
350,4.13067,2.49786,0,-0.329
416,4.13067,2.47743,0,-0.103
511,4.14541,2.47743,0,-0.016
745,4.14037,2.47743,0,-0.001
853,4.14176,2.47743,0,0
4255,4.06229,2.47743,0,-5.701
