id,x0,x1,x2,fitness
153,7.78365,4.04776,0,0.991
210,7.78365,4.09365,0,0.997
224,7.78004,4.09365,0,0.997
241,7.73816,4.09365,0,0.999
308,7.73816,4.12633,0,0.999
365,7.73816,4.10053,0,0.999
494,7.72485,4.10053,0,1
618,7.70547,4.10053,0,1
699,7.70547,4.10079,0,1
822,7.70704,4.10079,0,1
1116,7.70704,4.11134,0,1
3549,7.70676,4.11134,0,1
4191,7.70676,5.56292,0,0.003
