id,x0,x1,x2,fitness
54,-1.45744,3.90676,0,-128.672
232,-1.45744,3.56432,0,-20.181
238,-1.45744,3.73887,0,-11.302
246,-1.45744,3.68607,0,-1.548
517,-1.46735,3.68607,0,-0.73
602,-1.46735,3.67608,0,-0.418
717,-1.4941,3.67608,0,-0.32
944,-1.49157,3.67608,0,-0.208
1001,-1.49157,3.67487,0,-0.201
1176,-1.49154,3.67487,0,-0.199
1216,-1.49154,3.67328,0,-0.198
1303,-1.47637,3.67328,0,-0.053
1814,-1.47947,3.67328,0,-0.009
2973,-1.47988,3.67328,0,-0.006
4282,-1.47988,4.74534,0,-809.364
