id,x0,x1,x2,fitness
113,-1.62319,-0.796573,0,108.528
230,-1.47527,-0.796573,0,180.964
237,-1.47527,-0.79815,0,180.984
284,-1.41663,-0.79815,0,186.552
291,-1.41663,-0.801304,0,186.56
398,-1.42849,-0.801304,0,186.702
1589,-1.42453,-0.801304,0,186.728
4229,-1.9094,-0.801304,0,-73.281
