id,x0,x1,x2,fitness
59,4.88957,-0.788833,0,184.112
234,4.955,-0.788833,0,164.433
237,4.87784,-0.788833,0,185.525
321,4.8659,-0.788833,0,186.296
606,4.8659,-0.791401,0,186.412
626,4.85534,-0.791401,0,186.538
1231,4.85534,-0.804157,0,186.681
2425,4.85534,-0.800084,0,186.714
2858,4.85585,-0.800084,0,186.719
3809,4.85775,-0.800084,0,186.731
4212,4.85775,0.497302,0,23.173
