id,x0,x1,x2,fitness
72,4.80158,-0.863779,0,170.93
221,4.80158,-0.818322,0,178.79
258,4.80699,-0.818322,0,180.089
291,4.80699,-0.799001,0,180.78
298,4.84729,-0.799001,0,186.458
308,4.84989,-0.799001,0,186.572
413,4.85808,-0.799001,0,186.727
1273,4.85808,-0.800272,0,186.731
4132,4.86987,-0.800272,0,186.405
