id,x0,x1,x2,fitness
56,-3.35267,-3.32386,0,-2.14
225,-3.42064,-3.32386,0,-0.783
294,-3.41356,-3.32386,0,-0.428
464,-3.40887,-3.32386,0,-0.252
548,-3.39066,-3.32386,0,-0.056
649,-3.39282,-3.32386,0,-0.039
705,-3.39282,-3.31472,0,-0.011
1398,-3.3958,-3.31472,0,-0.006
1657,-3.39459,-3.31472,0,-0.005
3933,-3.39459,-3.31843,0,-0.001
4091,-3.39459,-2.84007,0,-151.444
