id,x0,x1,x2,fitness
81,4.66975,-0.87285,0,108.028
225,4.76888,-0.87285,0,158.536
254,4.76888,-0.761836,0,166.1
262,4.76888,-0.81675,0,168.496
282,4.79803,-0.81675,0,177.985
302,4.87247,-0.81675,0,185.649
394,4.87247,-0.793972,0,186.156
709,4.8529,-0.793972,0,186.58
913,4.8529,-0.795057,0,186.608
1047,4.85439,-0.795057,0,186.638
1462,4.85776,-0.795057,0,186.67
1637,4.85813,-0.795057,0,186.67
1820,4.85813,-0.799647,0,186.73
4156,5,-0.799647,0,140.075
