id,x0,x1,x2,fitness
60,4.18257,3.9826,0,0.968
230,4.18257,4.06597,0,0.99
310,4.18257,4.13048,0,0.992
322,4.12969,4.13048,0,0.999
353,4.12969,4.11967,0,0.999
454,4.10756,4.11967,0,1
714,4.10756,4.11876,0,1
946,4.10756,4.10388,0,1
1364,4.10756,4.11379,0,1
1420,4.10756,4.11258,0,1
1679,4.1076,4.11258,0,1
2253,4.11098,4.11258,0,1
3275,4.11098,4.11066,0,1
4036,4.11098,4.88222,0,0.426
