id,x0,x1,x2,fitness
164,4.18587,7.60149,0,0.987
237,4.10871,7.60149,0,0.995
285,4.10871,7.64386,0,0.998
338,4.10871,7.71837,0,1
606,4.10871,7.7158,0,1
1231,4.10871,7.70305,0,1
2425,4.10871,7.70712,0,1
2858,4.10922,7.70712,0,1
3809,4.11113,7.70712,0,1
4212,4.11113,9.0045,0,0.507
