id,x0,x1,x2,fitness
33,4.23641,2.26902,0,-29.596
211,4.23641,2.48704,0,-8.224
220,4.23086,2.48704,0,-7.306
322,4.21006,2.48704,0,-4.344
348,4.17234,2.48704,0,-0.933
487,4.17054,2.48704,0,-0.834
590,4.13491,2.48704,0,-0.089
925,4.13491,2.47398,0,-0.042
1418,4.14717,2.47398,0,-0.037
1429,4.14717,2.47737,0,-0.032
1487,4.13869,2.47737,0,-0.006
2031,4.14041,2.47737,0,-0.001
4239,4.14041,1.49704,0,-332.974
