id,x0,x1,x2,fitness
153,7.78365,4.04776,0,0.991
251,7.78365,4.13704,0,0.997
270,7.78365,4.10676,0,0.997
315,7.6789,4.10676,0,1
348,7.68518,4.10676,0,1
411,7.68761,4.10676,0,1
886,7.70539,4.10676,0,1
1769,7.70539,4.10703,0,1
2281,7.70687,4.10703,0,1
2600,7.70687,4.11188,0,1
4146,7.70578,4.11188,0,1
4326,9.10833,4.11188,0,0.45
