id,x0,x1,x2,fitness
77,4.16218,2.57319,0,-5.156
234,4.22762,2.57319,0,-11.384
237,4.15046,2.57319,0,-4.845
344,4.15046,2.54469,0,-2.449
514,4.15046,2.49083,0,-0.177
606,4.15046,2.48827,0,-0.143
626,4.13989,2.48827,0,-0.068
1231,4.13989,2.47551,0,-0.003
2583,4.13989,2.47672,0,-0.002
2793,4.13989,2.47703,0,-0.002
2858,4.14041,2.47703,0,-0.001
4212,4.14041,3.77442,0,-596.446
