id,x0,x1,x2,fitness
90,-1.23192,2.89657,0,-287.733
204,-1.23192,3.73271,0,-113.837
228,-1.42795,3.73271,0,-14.681
245,0.109303,3.73271,0,-7.36
304,0.169854,3.73271,0,-3.19
400,0.169854,3.7613,0,-0.592
482,0.169854,3.79933,0,-0.467
588,0.169854,3.77143,0,-0.194
695,0.165373,3.77143,0,-0.138
887,0.165373,3.78149,0,-0.008
1086,0.163572,3.78149,0,-0.001
3496,0.163057,3.78149,0,0
4311,-0.48613,3.78149,0,-227.15
