id,x0,x1,x2,fitness
56,-3.35267,-3.32386,0,-2.14
223,-3.4272,-3.32386,0,-1.208
342,-3.37457,-3.32386,0,-0.522
522,-3.38699,-3.32386,0,-0.109
533,-3.38996,-3.32386,0,-0.064
624,-3.39652,-3.32386,0,-0.035
661,-3.39427,-3.32386,0,-0.034
734,-3.39427,-3.32147,0,-0.014
755,-3.39427,-3.31596,0,-0.002
1379,-3.39427,-3.31822,0,-0.001
3438,-3.39427,-3.31808,0,-0.001
4238,-2.21341,-3.31808,0,-1057.415
