id,x0,x1,x2,fitness
188,2.31657,8.06242,2.29447,0.885
226,2.31657,8.06242,2.17969,0.917
255,2.20494,8.06242,2.17969,0.965
262,2.20494,7.47323,2.17969,0.983
326,2.20494,7.6544,2.17969,0.998
373,2.19961,7.6544,2.17969,0.998
383,2.19961,7.6544,2.19627,0.999
438,1.16993,7.6544,2.19627,0.999
542,1.16993,7.70814,2.19627,1
776,1.16993,7.70447,2.19627,1
1221,1.16993,7.70721,2.19627,1
2014,1.16993,7.70721,2.19071,1
2032,1.16993,7.70721,1.17004,1
6075,1.16993,7.70721,1.17813,0.999
