id,x0,x1,x2,fitness
80,4.06426,2.17571,7.46581,0.98
258,4.06426,2.17571,7.87189,0.989
272,4.06426,2.17571,7.71291,0.997
294,2.20369,2.17571,7.71291,0.999
377,2.20369,4.08067,7.71291,0.999
469,2.20369,4.10306,7.71291,1
724,2.19808,4.10306,7.71291,1
783,2.1973,4.10306,7.71291,1
844,2.1973,4.11004,7.71291,1
1379,2.1973,4.11004,7.70924,1
1609,2.1927,4.11004,7.70924,1
2383,2.1927,4.11022,7.70924,1
2850,2.1927,4.11165,7.70924,1
4616,2.19345,4.11165,7.70924,1
6063,2.19345,3.22301,7.70924,0.413
