id,x0,x1,x2,fitness
33,4.23641,2.26902,0,-29.596
228,4.06185,2.26902,0,-27.55
242,4.06185,2.4861,0,-5.807
265,4.09732,2.4861,0,-1.81
331,4.15822,2.4861,0,-0.306
475,4.13494,2.4861,0,-0.08
678,4.13795,2.4861,0,-0.053
1211,4.14309,2.4861,0,-0.046
1295,4.14309,2.48352,0,-0.025
1487,4.14309,2.47213,0,-0.016
2482,4.14309,2.47761,0,-0.003
3123,4.14005,2.47761,0,-0.002
3441,4.14005,2.47722,0,-0.001
4191,2.77498,2.47722,0,-656.558
