id,x0,x1,x2,fitness
120,2.17571,7.46581,0,0.973
209,2.17571,7.79528,0,0.995
234,2.17571,7.64365,0,0.997
254,2.17571,7.6979,0,0.998
294,2.18279,7.6979,0,0.999
380,1.17384,7.6979,0,1
471,1.17384,7.71441,0,1
649,1.17168,7.71441,0,1
1035,1.17168,7.701,0,1
1355,1.17168,7.70924,0,1
1398,1.1687,7.70924,0,1
1657,1.16991,7.70924,0,1
2123,1.16991,7.70372,0,1
2653,1.16991,7.70597,0,1
4091,1.16991,8.18433,0,0.912
