id,x0,x1,x2,fitness
113,-0.667544,4.78746,0,141.055
236,-0.667544,4.835,0,149.095
258,-0.913313,4.835,0,157.871
289,-0.719708,4.835,0,171.617
303,-0.746907,4.835,0,179.329
406,-0.82602,4.835,0,184.049
440,-0.804511,4.835,0,185.464
743,-0.804511,4.87156,0,186.266
795,-0.804511,4.86617,0,186.538
1340,-0.804511,4.86312,0,186.632
1707,-0.804511,4.85785,0,186.692
2198,-0.798264,4.85785,0,186.721
2679,-0.801399,4.85785,0,186.728
4010,-0.856573,4.85785,0,179.735
