id,x0,x1,x2,fitness
53,-0.571086,4.71569,0,67.466
204,-0.903408,4.71569,0,125.797
215,-0.903408,4.88822,0,161.624
237,-0.791444,4.88822,0,184.424
319,-0.791444,4.85524,0,186.539
551,-0.797827,4.85524,0,186.699
2284,-0.800521,4.85524,0,186.712
2661,-0.800521,4.85984,0,186.723
3902,-0.800521,4.85635,0,186.724
4197,-1.6072,4.85635,0,-105.863
