id,x0,x1,x2,fitness
98,0.542112,3.7979,0,-156.577
207,0.0685911,3.7979,0,-10.497
232,0.222834,3.7979,0,-5.421
274,0.222834,3.78084,0,-4.924
416,0.182183,3.78084,0,-0.486
540,0.16699,3.78084,0,-0.022
902,0.162807,3.78084,0,-0.001
2901,0.162807,3.78088,0,-0.001
4145,0.872543,3.78088,0,-213.182
