id,x0,x1,x2,fitness
51,0.204332,3.67177,0,-16.906
214,0.204332,3.78493,0,-2.317
255,0.193288,3.78493,0,-1.237
275,0.147497,3.78493,0,-0.31
369,0.162236,3.78493,0,-0.015
615,0.162236,3.78232,0,-0.001
700,0.162236,3.78139,0,-0.001
1542,0.162614,3.78139,0,0
4156,-0.593595,3.78139,0,-221.476
