id,x0,x1,x2,fitness
128,-1.37571,-0.944797,0,137.562
214,-1.37571,-0.759453,0,177.445
240,-1.42283,-0.759453,0,183.064
282,-1.42283,-0.824766,0,185.395
399,-1.42561,-0.824766,0,185.407
662,-1.42561,-0.777417,0,185.576
702,-1.42561,-0.786903,0,186.333
791,-1.42561,-0.799306,0,186.728
1287,-1.42561,-0.80001,0,186.73
4125,-1.42561,-2.05423,0,76.288
