id,x0,x1,x2,fitness
193,3.77121,-0.699896,0,46.071
206,5,-0.699896,0,123.989
234,5,-0.797599,0,140.064
282,4.86748,-0.797599,0,186.507
308,4.8638,-0.797599,0,186.638
1149,4.8638,-0.799288,0,186.652
1370,4.8638,-0.800397,0,186.654
2172,4.85663,-0.800397,0,186.726
2265,4.8581,-0.800397,0,186.731
4310,5,-0.800397,0,140.076
