id,x0,x1,x2,fitness
111,-1.32781,4.3934,0,-22.78
213,-1.43094,4.3934,0,-8.129
234,-1.49575,4.3934,0,-2.044
273,-1.49829,4.3934,0,-1.905
306,-1.49829,4.40093,0,-1.903
342,-1.56738,4.40093,0,-0.017
1308,-1.56738,4.39947,0,-0.016
1589,-1.56342,4.39947,0,-0.002
2279,-1.56049,4.39947,0,-0.001
3968,-1.56252,4.39947,0,-0.001
4229,-2.04738,4.39947,0,-77.309
