id,x0,x1,x2,fitness
23,4.02801,2.42062,0,-13.324
220,4.02801,2.44377,0,-12.26
261,4.10585,2.44377,0,-1.726
292,4.10585,2.49012,0,-1.237
463,4.14707,2.49012,0,-0.12
517,4.13717,2.49012,0,-0.105
602,4.13717,2.48012,0,-0.02
944,4.1397,2.48012,0,-0.007
1001,4.1397,2.47892,0,-0.004
1176,4.13973,2.47892,0,-0.004
1216,4.13973,2.47732,0,-0.002
3154,4.13982,2.47732,0,-0.002
4282,4.13982,3.54938,0,-425.36
