id,x0,x1,x2,fitness
5,-4.29346,-3.28266,0,-140.822
229,-4.29346,-3.31668,0,-132.35
239,-4.41271,-3.31668,0,-66.128
260,-3.47855,-3.31668,0,-55.164
279,-3.31476,-3.31668,0,-51.725
281,-3.39499,-3.31668,0,-0.003
4264,-4.47129,-3.31668,0,-111.164
