id,x0,x1,x2,fitness
189,1.81649,1.5983,0,-4.951
247,1.73385,1.5983,0,-0.787
532,1.74175,1.5983,0,-0.36
582,1.74175,1.59467,0,-0.351
770,1.76529,1.59467,0,-0.081
1567,1.76252,1.59467,0,-0.033
1853,1.75635,1.59467,0,-0.004
1904,1.75635,1.59631,0,-0.003
3297,1.75635,1.59575,0,-0.003
4156,3.54058,1.59575,0,-377.44
