id,x0,x1,x2,fitness
56,-3.35267,-3.32386,0,-14.984
225,-3.42064,-3.32386,0,-5.644
294,-3.41356,-3.32386,0,-3.12
464,-3.40887,-3.32386,0,-1.892
548,-3.39066,-3.32386,0,-0.512
649,-3.39282,-3.32386,0,-0.393
705,-3.39282,-3.31472,0,-0.097
1398,-3.3958,-3.31472,0,-0.058
1657,-3.39459,-3.31472,0,-0.057
3933,-3.39459,-3.31843,0,-0.013
4091,-3.39459,-2.84007,0,-808.117
