id,x0,x1,x2,fitness
105,7.58168,7.67135,0,0.993
205,7.58168,7.72925,0,0.993
220,7.76956,7.72925,0,0.998
247,7.68692,7.72925,0,1
267,7.68692,7.71915,0,1
344,7.68692,7.69424,0,1
532,7.69482,7.69424,0,1
875,7.69696,7.69424,0,1
894,7.69696,7.70236,0,1
972,7.71534,7.70236,0,1
996,7.71534,7.70486,0,1
1200,7.6986,7.70486,0,1
1422,7.70871,7.70486,0,1
1567,7.70594,7.70486,0,1
1904,7.70594,7.70651,0,1
4156,9.49017,7.70651,0,0.255
