id,x0,x1,x2,fitness
33,4.23641,2.26902,0,-29.596
220,4.23641,2.43712,0,-8.988
275,4.1429,2.43712,0,-0.833
400,4.1429,2.46572,0,-0.069
484,4.14281,2.46572,0,-0.069
596,4.14281,2.47848,0,-0.003
1086,4.14101,2.47848,0,-0.001
1363,4.14101,2.47671,0,0
3220,4.14113,2.47671,0,0
4311,3.49194,2.47671,0,-283.114
