id,x0,x1,x2,fitness
186,0.12202,3.93532,0,-24.155
262,0.12202,3.72475,0,-6.864
274,0.12202,3.74847,0,-3.678
323,0.12202,3.76226,0,-2.64
405,0.152479,3.76226,0,-0.618
474,0.152479,3.76798,0,-0.373
568,0.167044,3.76798,0,-0.259
747,0.165482,3.76798,0,-0.244
798,0.165482,3.78707,0,-0.048
1039,0.165482,3.78359,0,-0.014
1091,0.16227,3.78359,0,-0.006
1422,0.16227,3.78251,0,-0.002
4207,0.16227,3.26702,0,-257.491
