id,x0,x1,x2,fitness
98,2.21988,7.64771,0,0.995
213,2.21988,7.66218,0,0.996
281,2.18388,7.66218,0,0.999
311,2.18388,7.69503,0,0.999
418,4.10754,7.69503,0,1
803,4.10779,7.69503,0,1
1046,4.10779,7.71717,0,1
1074,4.10779,7.69704,0,1
1130,4.10779,7.70411,0,1
1210,4.11034,7.70411,0,1
1883,4.11108,7.70411,0,1
3287,4.11108,7.70752,0,1
4142,4.11108,7.70602,0,1
4197,3.3044,7.70602,0,0.212
