id,x0,x1,x2,fitness
111,-1.32781,4.3934,0,-22.78
221,-1.47132,4.3934,0,-3.919
316,-1.562,4.3934,0,-0.021
399,-1.562,4.39445,0,-0.015
557,-1.56188,4.39445,0,-0.015
608,-1.56188,4.39987,0,0
4171,-2.12766,3.99488,0,-185.054
