id,x0,x1,x2,fitness
152,4.04125,2.18664,2.20367,0.995
215,4.13268,2.18664,2.20367,0.999
263,4.13268,2.18664,2.19012,0.999
341,4.09908,2.18664,2.19012,1
469,4.09908,1.17343,2.19012,1
821,4.12077,1.17343,2.19012,1
872,4.12077,1.17343,2.19552,1
1530,2.19414,1.17343,2.19552,1
1571,2.19414,2.18951,2.19552,1
2197,2.19414,1.17158,2.19552,1
2519,2.19414,0.624095,2.19552,1
3874,2.19414,0.624095,2.19434,1
4725,2.19294,0.624095,2.19434,1
6055,2.19294,0.624095,2.13632,0.989
