id,x0,x1,x2,fitness
98,2.21988,7.64771,0,0.995
264,2.21988,7.69776,0,0.996
322,2.17244,7.69776,0,0.998
496,0.620886,7.69776,0,0.999
895,0.620886,7.70491,0,0.999
932,1.17376,7.70491,0,1
1066,0.624564,7.70491,0,1
4264,0.5,7.70491,0,0.198
