id,x0,x1,x2,fitness
185,4.07582,8.03961,0,0.954
206,4.07582,7.82247,0,0.993
215,4.07841,7.82247,0,0.993
219,4.07841,7.67126,0,0.998
265,4.11389,7.67126,0,0.999
367,4.11389,7.70615,0,1
702,4.11209,7.70615,0,1
4191,2.74701,7.70615,0,0.185
