id,x0,x1,x2,fitness
33,-1.55406,4.68294,0,-28.804
233,-1.55406,4.50406,0,-5.104
247,-1.55406,4.38556,0,-0.124
276,-1.55774,4.38556,0,-0.103
407,-1.55774,4.39682,0,-0.012
477,-1.56441,4.39682,0,-0.009
688,-1.56336,4.39682,0,-0.006
796,-1.56194,4.39682,0,-0.005
872,-1.56194,4.39788,0,-0.002
897,-1.56194,4.40097,0,0
3309,-1.56116,4.40097,0,0
3344,-1.56116,4.39973,0,0
4148,-1.56116,3.23412,0,-539.286
