id,x0,x1,x2,fitness
116,-1.26291,4.91201,0,-107.608
208,-1.26291,4.01982,0,-72.709
224,-1.26291,3.88601,0,-56.899
239,0.223235,3.88601,0,-22.33
247,0.223235,3.83852,0,-10.196
255,0.223235,3.74732,0,-6.296
268,0.119951,3.74732,0,-4.023
278,0.119951,3.77564,0,-2.349
406,0.153143,3.77564,0,-0.164
519,0.166195,3.77564,0,-0.058
1660,0.16177,3.77564,0,-0.046
1805,0.16177,3.7776,0,-0.021
3696,0.16177,3.78155,0,-0.002
4031,0.161952,3.78155,0,-0.001
4278,-0.608677,3.78155,0,-224.42
