id,x0,x1,x2,fitness
5,-4.29346,-3.28266,0,-140.822
213,-4.39659,-3.28266,0,-71.666
237,-4.39659,-3.28424,0,-70.851
254,-3.4137,-3.28424,0,-11.671
291,-3.4137,-3.28739,0,-10.071
491,-3.4137,-3.32194,0,-2.987
507,-3.3824,-3.32194,0,-1.494
589,-3.39768,-3.32194,0,-0.229
1352,-3.39768,-3.31974,0,-0.102
1589,-3.39372,-3.31974,0,-0.064
3216,-3.39372,-3.31727,0,-0.016
3968,-3.39575,-3.31727,0,-0.003
4229,-3.88061,-3.31727,0,-805.687
