id,x0,x1,x2,fitness
147,0.288359,3.95459,0,-78.519
216,0.288359,3.65763,0,-31.843
238,0.167425,3.65763,0,-20.857
248,0.167425,3.70176,0,-8.506
296,0.167425,3.80173,0,-0.547
339,0.167425,3.79575,0,-0.285
356,0.164978,3.79575,0,-0.263
366,0.164978,3.78626,0,-0.034
1048,0.160748,3.78626,0,-0.034
1630,0.160748,3.78541,0,-0.025
1980,0.16287,3.78541,0,-0.019
2131,0.16287,3.78221,0,-0.001
3807,0.16287,3.78145,0,0
4219,0.16287,4.03648,0,-74.536
