id,x0,x1,x2,fitness
189,1.81649,1.5983,0,-4.951
313,1.70817,1.5983,0,-3.291
480,1.70817,1.59176,0,-3.29
518,1.74786,1.59176,0,-0.156
557,1.74995,1.59176,0,-0.105
739,1.75869,1.59176,0,-0.023
1199,1.75869,1.59513,0,-0.002
1931,1.75864,1.59513,0,-0.002
4224,3.40753,1.59513,0,-416.146
