id,x0,x1,x2,fitness
128,-1.37571,-0.944797,0,137.562
227,-1.37571,-0.766824,0,178.602
245,-1.42057,-0.766824,0,184.222
339,-1.42057,-0.772801,0,185.019
356,-1.42302,-0.772801,0,185.057
366,-1.42302,-0.782287,0,186.004
768,-1.42302,-0.796335,0,186.685
1630,-1.42302,-0.797189,0,186.699
1974,-1.42303,-0.797189,0,186.699
2131,-1.42303,-0.800392,0,186.721
3037,-1.42643,-0.800392,0,186.727
3129,-1.42455,-0.800392,0,186.73
4219,-1.42455,-0.545362,0,68.289
