id,x0,x1,x2,fitness
186,0.12202,3.93532,0,-24.155
209,0.12202,3.69505,0,-13.466
220,0.221925,3.69505,0,-13.372
244,0.221925,3.77792,0,-4.773
288,0.138371,3.77792,0,-0.772
373,0.147275,3.77792,0,-0.323
652,0.147275,3.77892,0,-0.315
682,0.169832,3.77892,0,-0.071
972,0.163437,3.77892,0,-0.009
1408,0.163437,3.78224,0,-0.001
1782,0.163437,3.78134,0,0
4222,0.163437,5,0,-313.292
