id,x0,x1,x2,fitness
80,-2.45641,4.26169,0,20.549
206,-1.55878,4.26169,0,62.9
247,-1.4459,4.26169,0,78.692
275,-1.41471,4.26169,0,79.008
433,-1.43255,4.26169,0,79.061
557,-1.43046,4.26169,0,79.087
739,-1.42172,4.26169,0,79.104
951,-1.42172,4.28135,0,79.357
1402,-1.42172,4.27713,0,79.397
1823,-1.42796,4.27713,0,79.401
2317,-1.42443,4.27713,0,79.409
4224,0.224456,4.27713,0,-16.896
