id,x0,x1,x2,fitness
115,-1.71813,3.93206,0,-171.774
207,0.210793,3.93206,0,-37.094
219,0.210793,3.78085,0,-3.094
258,0.208101,3.78085,0,-2.748
295,0.122483,3.78085,0,-2.02
331,0.183386,3.78085,0,-0.549
475,0.160102,3.78085,0,-0.01
678,0.163115,3.78085,0,-0.001
1117,0.163115,3.78135,0,0
4191,-1.20196,3.78135,0,-107.649
