id,x0,x1,x2,fitness
164,4.18587,7.60149,0,0.987
228,4.18587,7.70751,0,0.992
267,4.17393,7.70751,0,0.994
288,4.05444,7.70751,0,0.995
396,4.09121,7.70751,0,0.999
484,4.1116,7.70751,0,1
1122,4.11089,7.70751,0,1
3199,4.11089,7.70688,0,1
4032,4.11089,7.48319,0,0.979
