id,x0,x1,x2,fitness
9,2.17208,7.67902,0,0.997
237,0.619824,7.67902,0,0.998
248,0.619824,7.72315,0,0.999
277,0.628555,7.72315,0,0.999
339,0.628555,7.71718,0,0.999
356,0.626108,7.71718,0,1
366,0.626108,7.70769,0,1
498,2.18905,7.70769,0,1
1314,2.19453,7.70769,0,1
1630,2.19453,7.70684,0,1
2908,1.16999,7.70684,0,1
3806,1.16999,7.70608,0,1
4218,1.16999,7.96111,0,0.974
