id,x0,x1,x2,fitness
77,4.16218,2.57319,0,-5.156
241,4.16218,2.47357,0,-0.406
266,4.15024,2.47357,0,-0.08
477,4.13968,2.47357,0,-0.008
600,4.13968,2.47374,0,-0.008
843,4.13968,2.47667,0,-0.002
1193,4.1411,2.47667,0,0
4031,4.1411,2.25298,0,-25.369
