id,x0,x1,x2,fitness
128,0.242278,3.72559,0,-11.876
227,0.242278,3.79433,0,-9.243
242,0.217882,3.79433,0,-4.418
255,0.217882,3.78593,0,-4.164
284,0.16722,3.78593,0,-0.049
708,0.165026,3.78593,0,-0.031
1133,0.165026,3.7853,0,-0.024
1783,0.16193,3.7853,0,-0.019
2159,0.162257,3.7853,0,-0.019
2345,0.162257,3.77962,0,-0.005
2560,0.163278,3.77962,0,-0.005
3499,0.163278,3.78025,0,-0.002
4202,0.163278,2.80301,0,-268.476
