id,x0,x1,x2,fitness
9,2.17208,7.67902,0,0.997
258,2.17208,7.6852,0,0.997
294,4.085,7.6852,0,0.999
411,4.10151,7.6852,0,1
459,4.10301,7.6852,0,1
515,4.11866,7.6852,0,1
572,2.19694,7.6852,0,1
765,2.19694,7.69422,0,1
956,4.10513,7.69422,0,1
1289,4.10638,7.69422,0,1
1365,4.10638,7.70025,0,1
1859,4.11355,7.70025,0,1
2313,4.11355,7.70289,0,1
3706,4.11355,7.70799,0,1
4125,4.11355,6.45377,0,0.399
