id,x0,x1,x2,fitness
191,7.58647,7.21863,0,0.891
207,7.58647,7.64042,0,0.992
232,7.58647,7.73239,0,0.994
271,7.65736,7.73239,0,0.999
323,7.65736,7.71167,0,0.999
485,7.66287,7.71167,0,0.999
641,7.69451,7.71167,0,1
689,7.70261,7.71167,0,1
739,7.70261,7.70345,0,1
942,7.70261,7.70867,0,1
1311,7.70401,7.70867,0,1
1507,7.70401,7.70607,0,1
1558,7.70821,7.70607,0,1
1596,7.70654,7.70607,0,1
1658,7.70654,7.70612,0,1
4212,8.38063,7.70612,0,0.834
