id,x0,x1,x2,fitness
56,-3.35267,-3.32386,0,-14.984
223,-3.4272,-3.32386,0,-8.702
342,-3.37457,-3.32386,0,-3.792
522,-3.38699,-3.32386,0,-0.889
533,-3.38996,-3.32386,0,-0.567
624,-3.39652,-3.32386,0,-0.367
661,-3.39427,-3.32386,0,-0.356
734,-3.39427,-3.32147,0,-0.147
755,-3.39427,-3.31596,0,-0.021
1379,-3.39427,-3.31822,0,-0.013
3438,-3.39427,-3.31808,0,-0.011
4238,-2.21341,-3.31808,0,-496.14
