id,x0,x1,x2,fitness
153,7.78365,4.04776,0,0.991
262,7.78365,4.15329,0,0.995
313,7.73348,4.15329,0,0.997
332,7.73348,4.14173,0,0.998
395,7.70687,4.14173,0,0.999
450,7.70687,4.13483,0,0.999
540,7.70687,4.0887,0,0.999
553,7.70687,4.0936,0,1
619,7.70687,4.11255,0,1
1323,7.70687,4.11132,0,1
4173,6.95428,4.11132,0,0.759
