id,x0,x1,x2,fitness
81,4.66975,-0.87285,0,108.028
212,5,-0.87285,0,131.374
233,4.85752,-0.87285,0,175.13
254,4.85752,-0.776999,0,185.534
290,4.85752,-0.803891,0,186.702
468,4.85752,-0.798173,0,186.72
1033,4.85752,-0.801651,0,186.726
1167,4.85752,-0.799188,0,186.727
1416,4.85752,-0.800273,0,186.73
4201,4.85752,-1.31576,0,-140.834
