id,x0,x1,x2,fitness
20,-1.41583,4.40613,0,-9.965
237,-1.55832,4.40613,0,-0.023
747,-1.55988,4.40613,0,-0.019
1039,-1.55988,4.40265,0,-0.005
1096,-1.55988,4.40116,0,-0.002
1422,-1.55988,4.40008,0,-0.001
1722,-1.56266,4.40008,0,-0.001
4207,-1.56266,3.88459,0,-178.865
