id,x0,x1,x2,fitness
127,0.148449,4.02147,0,-62.437
219,0.148449,3.78575,0,-0.282
450,0.148449,3.77885,0,-0.272
473,0.15001,3.77885,0,-0.218
553,0.15001,3.78375,0,-0.214
649,0.154261,3.78375,0,-0.1
689,0.157674,3.78375,0,-0.04
1245,0.157674,3.77968,0,-0.039
1269,0.157674,3.7825,0,-0.035
1323,0.157674,3.78127,0,-0.034
1759,0.160664,3.78127,0,-0.006
2046,0.163754,3.78127,0,-0.001
3500,0.163754,3.78138,0,-0.001
4173,-0.588838,3.78138,0,-220.929
