id,x0,x1,x2,fitness
114,4.11711,7.49385,0,0.981
220,4.11711,7.66195,0,0.999
400,4.11711,7.69055,0,1
484,4.11701,7.69055,0,1
596,4.11701,7.70331,0,1
695,4.11253,7.70331,0,1
1086,4.11073,7.70331,0,1
1383,4.11073,7.70434,0,1
2645,4.11158,7.70434,0,1
3496,4.11107,7.70434,0,1
4311,3.46188,7.70434,0,0.426
