id,x0,x1,x2,fitness
32,3.8383,-0.812002,0,46.764
202,4.81941,-0.812002,0,183.006
251,4.83395,-0.812002,0,185.088
299,4.85917,-0.812002,0,186.426
484,4.85908,-0.812002,0,186.427
596,4.85908,-0.799241,0,186.726
1086,4.85727,-0.799241,0,186.727
1363,4.85727,-0.801018,0,186.728
1383,4.85727,-0.799988,0,186.729
2645,4.85812,-0.799988,0,186.731
3268,4.85812,-0.800523,0,186.731
4311,4.20894,-0.800523,0,-82.488
