id,x0,x1,x2,fitness
127,0.148449,4.02147,0,-62.437
233,0.148449,3.84259,0,-4.667
306,0.148449,3.76764,0,-0.513
407,0.148449,3.7789,0,-0.271
603,0.166232,3.7789,0,-0.023
872,0.166232,3.77996,0,-0.017
897,0.166232,3.78305,0,-0.017
1969,0.160302,3.78305,0,-0.011
2099,0.162688,3.78305,0,-0.003
3344,0.162688,3.78182,0,0
4147,0.162688,5,0,-312.611
