id,x0,x1,x2,fitness
60,4.18257,3.9826,0,0.968
229,4.18257,4.02895,0,0.982
279,4.18257,2.17379,0,0.991
287,4.15854,2.17379,0,0.995
457,4.15854,2.19396,0,0.997
491,4.12658,2.19396,0,1
511,4.11286,2.19396,0,1
2342,4.11286,2.19363,0,1
2580,4.11127,2.19363,0,1
