id,x0,x1,x2,fitness
115,-1.71813,3.93206,0,-171.774
208,-1.71813,3.82972,0,-131.283
212,-1.59588,3.82972,0,-102.595
226,-1.59588,3.82459,0,-97.679
230,-1.52871,3.82459,0,-71.367
244,-1.52871,3.67688,0,-4.136
272,-1.50908,3.67688,0,-1.48
393,-1.46508,3.67688,0,-0.574
487,-1.46688,3.67688,0,-0.456
981,-1.4908,3.67688,0,-0.188
1418,-1.47854,3.67688,0,-0.034
1476,-1.47854,3.67441,0,-0.017
1579,-1.48307,3.67441,0,-0.005
2031,-1.48135,3.67441,0,0
4239,-1.48135,2.69408,0,-272.199
