id,x0,x1,x2,fitness
114,4.11711,7.49385,0,0.981
211,4.11711,7.71187,0,1
220,4.11156,7.71187,0,1
1476,4.11156,7.7094,0,1
2092,4.11156,7.7073,0,1
2558,4.11156,7.70576,0,1
3052,4.11116,7.70576,0,1
3152,4.11116,7.70607,0,1
4239,4.11116,6.72574,0,0.604
