id,x0,x1,x2,fitness
176,-0.647914,-1.45091,0,138.079
210,-0.660437,-1.45091,0,145.082
225,-0.728407,-1.45091,0,174.115
246,-0.802941,-1.45091,0,185.181
440,-0.802941,-1.40605,0,185.863
464,-0.798248,-1.40605,0,185.869
515,-0.798248,-1.42437,0,186.72
649,-0.800417,-1.42437,0,186.73
4091,-0.800417,-0.946009,0,-159.163
