id,x0,x1,x2,fitness
59,4.88957,-0.788833,0,184.112
242,4.86517,-0.788833,0,186.322
255,4.86517,-0.797231,0,186.592
708,4.86298,-0.797231,0,186.653
1133,4.86298,-0.797864,0,186.661
1627,4.85503,-0.797864,0,186.696
2159,4.85536,-0.797864,0,186.701
2560,4.85638,-0.797864,0,186.711
3399,4.85638,-0.800578,0,186.724
4074,4.85894,-0.800578,0,186.729
4202,4.85894,-1.77782,0,3.735
