id,x0,x1,x2,fitness
105,1.76242,1.75144,0,-35.16
231,1.76242,1.57009,0,-0.929
324,1.76242,1.58941,0,-0.085
506,1.75775,1.58941,0,-0.055
693,1.75775,1.59427,0,-0.003
1658,1.75775,1.59433,0,-0.003
4212,2.43184,1.59433,0,-422
