id,x0,x1,x2,fitness
164,4.18587,7.60149,0,0.987
214,4.18587,7.78234,0,0.99
222,4.18587,7.77467,0,0.99
227,4.08304,7.77467,0,0.997
267,4.11057,7.77467,0,0.998
320,4.11057,7.74951,0,0.999
330,4.11057,7.70943,0,1
457,4.11057,7.70496,0,1
4136,4.11057,7.47367,0,0.977
