id,x0,x1,x2,fitness
173,4.66945,1.15366,0,0.642
203,4.13511,1.15366,0,0.994
217,4.13511,2.18405,0,0.999
288,4.13511,2.19308,0,0.999
416,4.09446,2.19308,0,1
440,4.10883,2.19308,0,1
560,4.11031,2.19308,0,1
802,4.11189,2.19308,0,1
2901,4.11189,2.19312,0,1
4145,4.82163,2.19312,0,0.488
