id,x0,x1,x2,fitness
23,4.02801,2.42062,0,-13.324
218,4.15486,2.42062,0,-1.825
283,4.13273,2.42062,0,-1.727
373,4.13273,2.44813,0,-0.502
393,4.14627,2.44813,0,-0.458
472,4.14627,2.50461,0,-0.419
515,4.14627,2.46045,0,-0.166
681,4.14627,2.46557,0,-0.091
855,4.14008,2.46557,0,-0.07
1133,4.14008,2.46561,0,-0.069
1857,4.14008,2.47352,0,-0.008
2662,4.14008,2.47377,0,-0.007
2848,4.14008,2.47541,0,-0.003
2874,4.14035,2.47541,0,-0.002
4160,4.30632,2.47541,0,-24.222
