id,x0,x1,x2,fitness
147,0.288359,3.95459,0,-78.519
233,0.0697276,3.95459,0,-26.513
288,0.0697276,3.77244,0,-11.093
368,0.170362,3.77244,0,-0.178
399,0.16759,3.77244,0,-0.134
765,0.16759,3.78146,0,-0.028
2640,0.162863,3.78146,0,0
4125,0.162863,2.52724,0,-534.363
