id,x0,x1,x2,fitness
56,-3.35267,-3.32386,0,-14.984
342,-3.37922,-3.32386,0,-2.411
443,-3.40057,-3.32386,0,-0.593
528,-3.40057,-3.32067,0,-0.335
972,-3.39833,-3.32067,0,-0.177
1054,-3.39406,-3.32067,0,-0.101
1147,-3.39406,-3.31829,0,-0.017
1793,-3.39604,-3.31829,0,-0.015
2282,-3.39604,-3.31686,0,-0.009
4348,-2.42611,-3.31686,0,-262.287
