id,x0,x1,x2,fitness
113,-0.667544,4.78746,0,141.055
223,-0.742078,4.78746,0,168.567
241,-0.742078,4.83127,0,177.766
289,-0.790571,4.83127,0,184.867
385,-0.790571,4.85202,0,186.436
522,-0.80299,4.85202,0,186.63
661,-0.800748,4.85202,0,186.646
734,-0.800748,4.85441,0,186.7
755,-0.800748,4.85993,0,186.722
1379,-0.800748,4.85766,0,186.73
3438,-0.800748,4.8578,0,186.73
4238,0.380111,4.8578,0,47.136
