id,x0,x1,x2,fitness
9,2.17208,7.67902,0,0.997
248,1.17104,7.67902,0,1
278,1.17104,7.70734,0,1
2326,2.19393,7.70734,0,1
4278,1.4233,7.70734,0,0.311
