id,x0,x1,x2,fitness
96,-1.657,4.02328,0,-97.676
203,-1.657,4.54874,0,-13.325
231,-1.657,4.47491,0,-6.886
282,-1.657,4.4096,0,-4.425
299,-1.58218,4.4096,0,-0.238
411,-1.56567,4.4096,0,-0.051
454,-1.56567,4.40756,0,-0.035
702,-1.56567,4.39808,0,-0.01
1289,-1.56442,4.39808,0,-0.006
2313,-1.56442,4.40072,0,-0.004
2901,-1.56324,4.40072,0,-0.002
4125,-1.56324,3.1465,0,-585.145
