id,x0,x1,x2,fitness
77,4.16218,2.57319,0,-5.156
242,4.13779,2.57319,0,-4.786
255,4.13779,2.56479,0,-3.994
275,4.13779,2.40347,0,-2.83
299,4.13779,2.54587,0,-2.47
355,4.13779,2.44846,0,-0.437
457,4.13779,2.49666,0,-0.212
558,4.13779,2.4682,0,-0.052
1294,4.141,2.4682,0,-0.041
1375,4.141,2.48002,0,-0.005
2159,4.14133,2.48002,0,-0.005
2345,4.14133,2.47433,0,-0.004
3499,4.14133,2.47497,0,-0.002
4202,4.14133,1.49772,0,-332.673
