id,x0,x1,x2,fitness
164,4.18587,7.60149,0,0.987
228,4.18587,7.74011,0,0.991
242,4.16147,7.74011,0,0.996
255,4.16147,7.73172,0,0.996
284,4.11081,7.73172,0,1
393,4.11081,7.71896,0,1
641,4.11081,7.69637,0,1
1375,4.11081,7.70819,0,1
2159,4.11114,7.70819,0,1
3399,4.11114,7.70548,0,1
3499,4.11114,7.70611,0,1
4202,4.11114,6.72886,0,0.606
