id,x0,x1,x2,fitness
5,-4.29346,-3.28266,0,-140.822
221,-4.43697,-3.28266,0,-86.883
238,-3.45914,-3.28266,0,-42.456
287,-3.39366,-3.28266,0,-9.757
495,-3.39366,-3.32155,0,-0.164
608,-3.39366,-3.31613,0,-0.029
1268,-3.394,-3.31613,0,-0.021
1481,-3.394,-3.31762,0,-0.011
3077,-3.394,-3.31719,0,-0.01
4171,-3.95978,-3.72218,0,-1483.724
