id,x0,x1,x2,fitness
86,1.54635,1.631,0,-52.397
208,1.64007,1.631,0,-19.188
220,1.66147,1.631,0,-13.644
260,1.66147,1.5963,0,-11.823
273,1.69775,1.5963,0,-4.754
302,1.74859,1.5963,0,-0.116
822,1.75016,1.5963,0,-0.08
1025,1.75899,1.5963,0,-0.003
3549,1.75871,1.5963,0,-0.002
4191,1.75871,3.04789,0,-789.345
