id,x0,x1,x2,fitness
113,-0.667544,4.78746,0,141.055
214,-0.823033,4.78746,0,174.424
227,-0.823033,4.89924,0,181.627
284,-0.823033,4.89109,0,183.043
357,-0.823033,4.87277,0,185.085
482,-0.783155,4.87277,0,185.577
507,-0.785215,4.87277,0,185.723
536,-0.785215,4.86439,0,186.135
600,-0.785215,4.86381,0,186.151
618,-0.79147,4.86381,0,186.481
693,-0.798736,4.86381,0,186.648
716,-0.798736,4.85855,0,186.725
762,-0.800291,4.85855,0,186.73
4348,0.169643,4.85855,0,18.089
