id,x0,x1,x2,fitness
147,0.288359,3.95459,0,-78.519
205,0.0511607,3.95459,0,-26.552
241,0.0511607,3.78887,0,-14.862
266,0.0511607,3.82406,0,-14.497
333,0.23319,3.82406,0,-9.992
410,0.134699,3.82406,0,-3.03
455,0.134699,3.7675,0,-1.267
517,0.134699,3.77405,0,-1.074
586,0.160665,3.77405,0,-0.077
1163,0.160665,3.77702,0,-0.032
2723,0.164009,3.77702,0,-0.027
4167,0.164009,3.28574,0,-252.004
