id,x0,x1,x2,fitness
47,-3.02664,3.20651,-4.1881,-137.629
203,-3.02664,3.20651,-5,-98.084
231,-1.57464,3.20651,-5,-42.721
241,-1.57464,3.34608,-5,-21.94
261,-1.57464,3.71285,-5,-5.491
271,-1.57464,3.71285,-4.86603,-2.03
328,-1.56244,3.71285,-4.86603,-1.556
348,-1.48427,3.71285,-4.86603,-0.225
356,-1.48427,3.67443,-4.86603,-0.01
862,-1.48427,3.67443,-4.86062,-0.002
1433,-1.48427,3.67443,-4.85857,-0.001
3247,-1.48427,3.67428,-4.85857,-0.001
6045,-1.48427,3.67428,-4.91659,-0.534
