id,x0,x1,x2,fitness
168,2.15849,7.88022,0,0.981
223,2.15849,7.76201,0,0.992
252,2.15849,7.73512,0,0.993
261,1.15302,7.73512,0,0.994
282,1.18217,7.73512,0,0.997
306,1.16374,7.73512,0,0.999
362,1.17279,7.73512,0,1
404,2.19092,7.73512,0,1
421,2.19092,7.69701,0,1
611,2.19092,7.71036,0,1
913,2.19092,7.70927,0,1
1047,2.19242,7.70927,0,1
1209,0.624022,7.70927,0,1
1637,0.624397,7.70927,0,1
1820,0.624397,7.70468,0,1
2619,0.624397,7.70669,0,1
4135,1.16997,7.70669,0,1
4156,2.55017,7.70669,0,0.532
