id,x0,x1,x2,fitness
95,0.873771,4.3766,0,-227.181
202,-0.308098,4.3766,0,-87.832
254,-1.52412,4.3766,0,-56.678
281,-1.56013,4.3766,0,-9.702
311,-1.56013,4.40946,0,-1.639
484,-1.56013,4.39821,0,-0.127
2284,-1.56282,4.39821,0,-0.114
3287,-1.56282,4.40163,0,-0.102
4142,-1.56282,4.40013,0,-0.057
4197,-2.3695,4.40013,0,-517.301
