id,x0,x1,x2,fitness
23,4.02801,2.42062,0,-13.324
231,4.19101,2.42062,0,-3.895
287,4.16698,2.42062,0,-2.256
403,4.16698,2.48957,0,-0.685
448,4.16698,2.47852,0,-0.605
491,4.13502,2.47852,0,-0.037
696,4.13937,2.47852,0,-0.004
1686,4.13937,2.47697,0,-0.003
2007,4.14206,2.47697,0,-0.001
2580,4.14047,2.47697,0,-0.001
3691,4.14134,2.47697,0,0
