id,x0,x1,x2,fitness
51,0.204332,3.67177,0,-16.906
221,0.204332,3.71723,0,-7.438
257,0.204332,3.79763,0,-2.685
304,0.182904,3.79763,0,-0.866
599,0.180295,3.79763,0,-0.734
773,0.168379,3.79763,0,-0.37
993,0.168379,3.76992,0,-0.212
1016,0.168379,3.78712,0,-0.079
1202,0.168379,3.7839,0,-0.046
1273,0.168379,3.78263,0,-0.04
1576,0.163507,3.78263,0,-0.002
1701,0.163212,3.78263,0,-0.002
3013,0.163093,3.78263,0,-0.002
3477,0.163093,3.78063,0,-0.001
4132,0.17488,3.78063,0,-0.187
