id,x0,x1,x2,fitness
46,4.25312,2.7456,0,-45.489
205,4.25312,2.46709,0,-11.313
253,4.20733,2.46709,0,-4.013
291,4.20733,2.48641,0,-4.006
304,4.1859,2.48641,0,-1.859
363,4.11887,2.48641,0,-0.505
413,4.12706,2.48641,0,-0.23
443,4.14723,2.48641,0,-0.079
599,4.14462,2.48641,0,-0.056
1202,4.14462,2.4832,0,-0.03
1262,4.14462,2.47733,0,-0.01
1576,4.13975,2.47733,0,-0.002
2025,4.14082,2.47733,0,0
2992,4.14145,2.47733,0,0
3013,4.14133,2.47733,0,0
4132,4.15312,2.47733,0,-0.129
