id,x0,x1,x2,fitness
120,0.631351,1.23234,0,0.931
208,0.631351,2.14731,0,0.986
373,0.631351,2.17483,0,0.995
498,1.17388,2.17483,0,0.998
681,1.17388,2.17994,0,0.999
817,1.17388,2.20517,0,0.999
855,1.16769,2.20517,0,0.999
1177,1.16769,4.11215,0,1
2874,1.16796,4.11215,0,1
2990,2.19191,4.11215,0,1
4160,2.35789,4.11215,0,0.875
