id,x0,x1,x2,fitness
145,7.56998,1.2282,4.42143,0.872
236,7.56998,1.2282,4.05249,0.953
281,7.56998,1.18262,4.05249,0.989
367,7.56998,1.18262,4.10387,0.993
457,7.70082,1.18262,4.10387,0.998
1114,7.70082,2.17624,4.10387,0.999
1183,7.70082,0.624965,4.10387,1
1422,7.70082,0.624965,4.11242,1
2623,7.70082,1.1712,4.11242,1
3478,7.70392,1.1712,4.11242,1
3801,7.70392,2.19389,4.11242,1
4687,7.70392,4.11199,4.11242,1
4939,7.70552,4.11199,4.11242,1
6236,7.70552,4.11199,4.77253,0.693
