id,x0,x1,x2,fitness
52,2.89238,1.76703,-4.13685,-38.532
217,1.66739,1.76703,-4.13685,-2.463
240,1.66739,1.76703,-4.27158,-1.389
292,1.76859,1.76703,-4.27158,-1.084
303,1.76859,1.61945,-4.27158,-0.075
364,1.75705,1.61945,-4.27158,-0.071
566,1.75705,1.61945,-4.32735,-0.032
831,1.75705,1.59542,-4.32735,-0.012
875,1.75705,1.59542,-4.3085,0
1729,1.75705,1.59542,-4.30885,0
4259,1.75731,1.59542,-4.30885,0
5155,1.75782,1.59542,-4.30885,0
6252,2.07474,1.59542,-4.30885,-3.296
