id,x0,x1,x2,fitness
159,3.989,4.13946,0,0.976
218,4.1667,4.13946,0,0.994
235,4.15134,4.13946,0,0.996
259,4.15134,4.12585,0,0.997
277,4.15134,4.10512,0,0.998
350,4.07331,4.10512,0,0.998
425,4.13555,4.10512,0,0.999
446,4.10239,4.10512,0,1
511,4.11713,4.10512,0,1
598,4.11713,4.11196,0,1
621,4.10819,4.11196,0,1
853,4.10959,4.11196,0,1
1322,4.10993,4.11196,0,1
2311,4.11148,4.11196,0,1
2600,4.11148,4.11104,0,1
3629,4.11148,4.11132,0,1
4255,4.032,4.11132,0,0.991
