id,x0,x1,x2,fitness
51,0.204332,3.67177,0,-16.906
232,0.204332,3.76375,0,-2.686
315,0.155005,3.76375,0,-0.487
512,0.155005,3.77623,0,-0.114
689,0.163098,3.77623,0,-0.036
942,0.163098,3.78145,0,0
1658,0.163098,3.7815,0,0
4212,0.837184,3.7815,0,-190.871
