id,x0,x1,x2,fitness
128,0.242278,3.72559,0,-11.876
226,0.242278,3.76359,0,-8.964
267,0.230337,3.76359,0,-6.551
294,0.163529,3.76359,0,-0.415
471,0.163529,3.76471,0,-0.365
527,0.163529,3.78266,0,-0.002
1122,0.162823,3.78266,0,-0.002
3199,0.162823,3.78203,0,0
4032,0.162823,3.55835,0,-71.02
