id,x0,x1,x2,fitness
177,-1.49548,4.76848,4.87034,1809.741
215,-1.49548,4.84937,4.87034,1999.123
325,-1.40057,4.84937,4.87034,2110.059
438,-1.43733,4.84937,4.87034,2122.225
479,-1.42332,4.84937,4.87034,2126.073
667,-1.42332,4.85703,4.87034,2128.043
901,-1.42332,4.85864,4.87034,2128.062
946,-1.42332,4.85864,4.86022,2131.966
1110,-1.42374,4.85864,4.86022,2132.002
1375,-1.42374,4.85864,4.8583,2132.125
1748,-1.42374,4.85832,4.8583,2132.132
6021,-0.502794,4.85832,4.8583,-454.996
