id,x0,x1,x2,fitness
76,2.18641,2.22638,0,0.994
232,2.18641,2.19476,0,1
450,4.09941,2.19476,0,1
634,4.10493,2.19476,0,1
661,4.10717,2.19476,0,1
1379,4.10717,2.19249,0,1
1814,4.10717,1.17046,0,1
2367,4.10717,1.16991,0,1
3438,4.10717,1.17006,0,1
4238,5.28803,1.17006,0,0.094
