id,x0,x1,x2,fitness
142,4.57777,-0.747087,0,46.697
226,4.86415,-0.747087,0,180.474
297,4.86415,-0.827213,0,185.043
399,4.86415,-0.826163,0,185.166
608,4.86415,-0.820742,0,185.721
658,4.86415,-0.799859,0,186.644
754,4.85776,-0.799859,0,186.73
4171,4.29199,-1.20485,0,33.628
